course_id,total_clicks,interaction_records,unique_resources,active_days
FFF_2014J,5147343,1118390,449,288
FFF_2013J,4986423,1086213,526,287
FFF_2013B,4126024,886457,500,259
FFF_2014B,2899304,632872,475,258
CCC_2014J,2683561,642895,220,288
CCC_2014B,1818259,450099,180,258
DDD_2013J,1700459,647642,456,280
BBB_2014J,1618837,399127,206,272
EEE_2014J,1564235,375460,110,288
EEE_2013J,1503071,339188,107,280
DDD_2014J,1374971,530788,361,288
DDD_2013B,1349853,516340,408,257
BBB_2013J,1300682,404887,320,280
BBB_2013B,1271410,360156,315,250
DDD_2014B,916056,361182,447,258
EEE_2014B,813602,192345,104,258
BBB_2014B,789091,245087,311,242
AAA_2013J,633235,173543,209,279
AAA_2014J,580747,161206,197,294
GGG_2013J,482552,128874,137,278
GGG_2014B,402229,108887,124,248
GGG_2014J,381119,106472,106,286
