id_student,course_id,course_name,branch,category,skills,prerequisites,difficulty,course_level,compatibility_score,academic_fit,engagement_fit,level_fit,difficulty_fit,recommendation_score,recommendation_rank,why_recommended
6516,AIDS012,feature engineering,ai & data science,ai/ml,feature selection;encoding;scaling;pca,machine learning;statistics,4,intermediate,0.8643,0.7248,0.818,1.0,0.9931,0.8557,1,good profile compatibility; strong academic readiness; good learning engagement; suitable intermediate level; difficulty matches the student's readiness
6516,AIDS003,data mining,ai & data science,data science,classification;clustering;association rules,dbms;statistics,4,intermediate,0.8643,0.7248,0.818,1.0,0.9931,0.8557,2,good profile compatibility; strong academic readiness; good learning engagement; suitable intermediate level; difficulty matches the student's readiness
6516,IT007,advanced web technologies,information technology,web,react;node.js;rest api;javascript,web development;oop,4,intermediate,0.8643,0.7248,0.818,1.0,0.9931,0.8557,3,good profile compatibility; strong academic readiness; good learning engagement; suitable intermediate level; difficulty matches the student's readiness
6516,ECE012,communication systems,electronics & communication,communication,am;fm;digital modulation;receivers,signals and systems,4,intermediate,0.8643,0.7248,0.818,1.0,0.9931,0.8557,4,good profile compatibility; strong academic readiness; good learning engagement; suitable intermediate level; difficulty matches the student's readiness
6516,ME012,internal combustion engines,mechanical engineering,automotive,ic engines;combustion;performance;emissions,thermodynamics,4,intermediate,0.8643,0.7248,0.818,1.0,0.9931,0.8557,5,good profile compatibility; strong academic readiness; good learning engagement; suitable intermediate level; difficulty matches the student's readiness
6516,IT003,information security,information technology,security,security;cryptography;authentication;risk,computer networks,4,intermediate,0.8643,0.7248,0.818,1.0,0.9931,0.8557,6,good profile compatibility; strong academic readiness; good learning engagement; suitable intermediate level; difficulty matches the student's readiness
6516,CSE006,operating systems,computer science engineering,systems,processes;threads;memory;linux;scheduling,data structures,4,intermediate,0.8643,0.7248,0.818,1.0,0.9931,0.8557,7,good profile compatibility; strong academic readiness; good learning engagement; suitable intermediate level; difficulty matches the student's readiness
6516,CSE007,computer networks,computer science engineering,networking,tcp/ip;routing;switching;network security,operating systems,4,intermediate,0.8643,0.7248,0.818,1.0,0.9931,0.8557,8,good profile compatibility; strong academic readiness; good learning engagement; suitable intermediate level; difficulty matches the student's readiness
6516,CE004,concrete technology,civil engineering,construction,concrete;cement;mix design;testing,material science,4,intermediate,0.8643,0.7248,0.818,1.0,0.9931,0.8557,9,good profile compatibility; strong academic readiness; good learning engagement; suitable intermediate level; difficulty matches the student's readiness
6516,AIML002,supervised learning,artificial intelligence & ml,ai/ml,regression;classification;scikit-learn,statistics;python,4,intermediate,0.8643,0.7248,0.818,1.0,0.9931,0.8557,10,good profile compatibility; strong academic readiness; good learning engagement; suitable intermediate level; difficulty matches the student's readiness
